{
  "classes": [
    "FRESCO",
    "SEMIFRESCO",
    "NO_APTO"
  ],
  "tab_cols": [
    "temp",
    "dia",
    "pH",
    "L",
    "a",
    "b"
  ],
  "tab_mean": [
    9.707386016845703,
    6.971590995788574,
    6.763408660888672,
    32.556304931640625,
    18.157148361206055,
    13.190362930297852
  ],
  "tab_std": [
    4.714839935302734,
    5.043029308319092,
    0.5206331610679626,
    3.56917405128479,
    3.900973081588745,
    2.061979055404663
  ],
  "img_size": 320,
  "split": "GroupShuffleSplit temp-dia",
  "loss": "FocalLoss",
  "class_counts": [
    366,
    594,
    800
  ],
  "class_weights": [
    1.4467162697630198,
    0.8914110358393441,
    0.6618726943976361
  ]
}